{"_wandb":{"runtime":29457},"train/lr":5e-06,"_timestamp":1.7651184053861845e+09,"_runtime":29457,"_step":31,"train/loss":29.769808272036112,"val/AP50":0.7303554902538807,"epoch":31,"val/AP50_95":0.6337630327740106}