{"val/AR_small":0.36339743589743595,"val/AR50_95":0.8309338015040543,"val/AR_large":0.8770132244364897,"val/AP_large":0.720641393651251,"val/AR_medium":0.6380092340210193,"val/AP_small":0.04076383178723695,"train/lr":5e-06,"_timestamp":1.7652241785788934e+09,"epoch":31,"_runtime":28742,"val/AP50_95":0.6442356366575427,"val/AP75":0.6637972296839908,"_wandb":{"runtime":28742},"val/AP50":0.7362724428566573,"val/AP_medium":0.2942185218072304,"_step":31,"train/loss":21.118745188795444}