{"val/AP50_95":0.662001835317841,"val/AR_small":0.3992735042735042,"val/AR50_95":0.839570158880181,"val/AP_medium":0.3155787622226363,"_step":31,"train/loss":29.620017938558977,"val/AP_large":0.7388406398281473,"_timestamp":1.7651979055998154e+09,"train/lr":5e-06,"val/AP_small":0.056240268201326,"_wandb":{"runtime":31875},"val/AP75":0.686790047791657,"val/AP50":0.7533762264049225,"epoch":31,"val/AR_large":0.8829829390247447,"_runtime":31875,"val/AR_medium":0.6544662000655017}