{"_wandb":{"runtime":23309},"val/AP50_95":0.659090068514983,"_step":24,"train/loss":34.2835966904653,"val/AR_large":0.8867219465897704,"val/AR_small":0.34524928774928776,"train/lr":5e-06,"val/AP_small":0.04567663445251237,"val/AR_medium":0.6402252479028995,"val/AP75":0.6786713337330269,"_runtime":23309,"val/AR50_95":0.8396622740397751,"val/AP50":0.7537047048036732,"epoch":24,"val/AP_large":0.7350509246201435,"val/AP_medium":0.32169445895927357,"_timestamp":1.7651946227555277e+09}