{"_timestamp":1.7651489046219237e+09,"_wandb":{"runtime":28001},"val/AR_large":0.8894819641391285,"val/AR50_95":0.8337329575769907,"train/loss":29.52506529121864,"val/AP75":0.6502313208216269,"_runtime":28001,"val/AP50_95":0.6283352375514254,"val/AR_small":0.3935425685425686,"val/AP_large":0.7142969612847462,"val/AR_medium":0.6376947088932947,"_step":31,"val/AP_medium":0.28215112753787036,"val/AP_small":0.06700041841201307,"epoch":31,"train/lr":5e-06,"val/AP50":0.7260592871921112}