{"val/AP50":0.31095579111169425,"_runtime":1575,"_step":0,"val/AP_medium":0.08343935399803074,"val/AR_small":0.011538461538461537,"epoch":0,"train/lr":2.7092025e-06,"val/AR_medium":0.3392995613281514,"val/AP_large":0.3135988044394322,"val/AP75":0.27420634171070646,"val/AR50_95":0.6922879209972095,"_wandb":{"runtime":1575},"val/AP_small":0.00364036403640364,"val/AP50_95":0.2645156447884225,"val/AR_large":0.7846104960952134,"_timestamp":1.765122507646228e+09,"train/loss":69.27531245299356}