{"val/AP50_95":0.6585352766577773,"_runtime":30945,"_wandb":{"runtime":30945},"val/AR_medium":0.6455343108418186,"val/AP_small":0.03965514477231658,"_step":31,"val/AR50_95":0.8351741363780709,"val/AP50":0.7521577449463553,"val/AP_large":0.733736317595845,"val/AR_small":0.3640527065527065,"val/AP_medium":0.3233955247715367,"val/AP75":0.6791112933243871,"train/loss":29.642194208851702,"val/AR_large":0.8805928595249597,"train/lr":5e-06,"epoch":31,"_timestamp":1.7651541246727476e+09}